Average rating_scaled,Number of reviews_scaled,Publish year_scaled,Number of pages_scaled,Currently reading_scaled,MainGenre_Encoded
-0.8365154611399802,0.38222395942538073,0.43589875701240677,-0.6712795363807281,0.7998249114101792,42
1.0645269001661788,-0.4612624150890928,1.549409600470934,-0.39706207949378286,0.5056664588714206,17
-0.5755880782156042,-0.6010469842366756,0.43589875701240677,-0.3612945851172248,-0.6338885547451145,60
1.7727583681037693,-0.5819311457207669,2.1061650222001975,-0.0036196413516440527,-0.4460226522833864,17
1.8118974755424238,-0.5890995851642326,2.1061650222001975,-0.0036196413516440527,-0.5127644860526845,17
0.6544981555707348,-0.5066625315643761,2.1061650222001975,0.997870201191982,-0.5424275232834838,17
1.8118974755424238,-0.5807364058135225,2.1061650222001975,1.0455601936940595,-0.6536639128989806,55
-0.24011001445569422,2.7487050306995187,-0.6776120864461204,0.8071102311836723,3.0351819587278177,9
0.3562954322285917,2.7487050306995187,-0.12085666471685681,-1.4223969182884477,1.3906137362569295,60
0.6544981555707348,0.4574925735817715,-0.6776120864461204,-2.0554815687535255,1.0099380917950067,42
-1.2092688653176573,2.162386421219383,-0.12085666471685681,-1.5058544051670832,0.4191492669482563,42
-0.5010373973800685,2.7487050306995187,-0.6776120864461204,-2.0554815687535255,1.0915114441797045,42
0.3935707726463588,2.7487050306995187,-0.6776120864461204,1.164785174949253,3.0351819587278177,36
0.9899762193306447,2.7487050306995187,-2.347878351633911,0.03214785302491402,0.3672389517943578,42
-0.5383127377978372,0.29978690582552425,0.9926541787416704,1.1170951824471755,-0.09006620551379624,42
0.5426721343174303,2.7454194959546,0.9926541787416704,1.8926536855122094,1.0099380917950067,42
0.20719407055752026,2.1396863629817413,0.43589875701240677,0.830955227434711,3.0351819587278177,36
1.0272515597484118,-0.6822892979292877,0.43589875701240677,0.30636530991185923,-0.6635515919759137,22
0.09536804930421582,0.7932144875174189,1.549409600470934,0.66404025367744,2.542528348719631,42
-0.5755880782156042,2.3404026673987834,-0.12085666471685681,0.8548002236857497,2.5227529905657646,42
0.6544981555707348,-0.6571997598771575,0.43589875701240677,-0.015542139477163411,-0.5547871221296501,17
-0.24011001445569422,-0.4720150742542915,0.43589875701240677,-0.6712795363807281,-0.5226521651296177,33
-0.12828399320238976,1.5530690685247917,-1.7911229299046476,-0.08707712823027956,0.17937304933262965,42
0.2444694109752873,1.219736634403633,-0.12085666471685681,-1.00510948389527,1.1780286361028687,36
-0.2773853548734613,1.5972744450928307,-0.12085666471685681,-0.0036196413516440527,-0.43613497320645334,42
-0.5383127377978372,2.7487050306995187,-0.12085666471685681,1.8926536855122094,1.684772188795688,42
0.5053967938996632,2.7487050306995187,-0.6776120864461204,1.0932501861961368,1.3856698967184629,17
0.1699187301397532,0.5220085285729635,-1.234367508175384,0.28252031366082053,0.00881058525553436,60
0.5426721343174303,1.622363983144961,-0.12085666471685681,-0.9812644876442314,0.1324065737171976,42
-0.053733312366854025,1.5482901088958145,-1.234367508175384,0.7474977405560755,3.0319684630278174,36
-0.2773853548734613,0.5208137886657191,-0.6776120864461204,-0.5043645626234571,-0.3273705033601897,42
-0.20283467403792552,2.7095772987372713,-0.12085666471685681,-0.134767120732357,0.16701345048646332,60
-0.5383127377978372,-0.6321102218250273,-0.12085666471685681,-0.6474345401296894,-0.6240008756681815,42
-0.24011001445569422,1.2770841499513592,-1.7911229299046476,-0.63551204200417,-0.023324371744498085,60
0.2817447513930543,1.501695252513287,-0.12085666471685681,-0.0036196413516440527,-0.43613497320645334,42
1.7354830276860023,-0.5126362311005976,0.43589875701240677,0.330210306162898,0.26341832148656064,42
1.400004963926092,-0.0920877837506051,-0.12085666471685681,1.7370650849741822,0.238699123794228,42
0.09536804930421582,2.7487050306995187,-0.12085666471685681,1.59399510746795,2.9775862281046854,15
-1.1719935248998903,0.9234411374070473,-0.12085666471685681,-1.8396843526816251,0.8813982637948768,42
-1.0601675036465859,1.0859257647922715,-0.6776120864461204,-0.2182246076109925,0.39690198902515694,42
-1.1347181844821215,-0.5711784865555681,-0.12085666471685681,1.3197776505810046,-0.507820646514218,51
-0.16555933362015848,2.7487050306995187,-0.6776120864461204,-0.134767120732357,3.0351819587278177,42
0.3190200918108247,1.453905656223515,-1.234367508175384,-0.2182246076109925,1.4202767734877286,42
-0.20283467403792552,0.2794763274023712,-0.6776120864461204,-0.5758995513765732,-0.033212050821431145,42
-0.42648671654453274,0.5375401473671394,-1.234367508175384,0.4375127892925722,1.5018501258724264,42
-0.5010373973800685,0.10862852066643677,-0.12085666471685681,-0.6951245326317668,-0.35950546036022213,42
-0.2773853548734613,0.439571474973107,-0.6776120864461204,1.03363769556854,-0.14692036020616134,60
1.8118974755424238,-0.7061840960741737,0.43589875701240677,-0.0036196413516440527,-0.6684954315143803,44
-1.7311236311664076,0.31770800443418873,-0.12085666471685681,-0.599744547627612,-0.4262472941295203,60
-1.8056743120019432,-0.42542021787176393,0.43589875701240677,0.9263352124388659,-0.5177083255911511,42
1.0272515597484118,0.4503241341383057,-0.6776120864461204,1.0694051899450983,2.1247739077192094,1
0.9527008789128777,-0.707378835981418,0.9926541787416704,-0.45667457012137963,-0.6857988698990131,32
1.5863816660149308,-0.7061840960741737,0.9926541787416704,-1.00510948389527,-0.6857988698990131,60
-1.582022269495336,-0.6034364640511641,-0.12085666471685681,-1.0527994763973476,-0.628944715206648,42
0.3935707726463588,2.2973920307379885,-0.12085666471685681,-0.0036196413516440527,-0.43613497320645334,42
-0.98561682281105,-0.654810280062669,-0.12085666471685681,-1.5893118920457185,-0.6635515919759137,42
1.3254542830905547,2.7487050306995187,-0.12085666471685681,1.8926536855122094,1.5784796387186577,9
-0.7619647803044445,2.2484076945409726,-0.6776120864461204,0.2944428117863399,0.23622720402499472,60
0.1699187301397532,1.0787573253488059,-0.12085666471685681,-0.0036196413516440527,-0.43613497320645334,42
1.3254542830905547,0.20779193296771342,-0.12085666471685681,1.5343826168403532,0.7973529916409459,1
1.0645269001661788,-0.6834840378365321,2.1061650222001975,-0.5043645626234571,-0.6759111908220801,34
0.1699187301397532,-0.6691471589496005,0.43589875701240677,-1.2554819445311767,-0.6586077524374472,60
1.4372803043438593,-0.7061840960741737,0.9926541787416704,-0.17053461510891507,-0.6783831105913133,36
-0.3892113761267657,-0.5747627062773011,0.9926541787416704,0.41366779304153345,-0.6437762338220476,42
-0.42648671654453274,-0.5174151907295748,0.9926541787416704,0.6163502611753625,-0.6437762338220476,43
-0.09100865278462272,-0.5735679663700567,-0.12085666471685681,-0.7428145251338443,-0.6165851163604816,44
-0.5755880782156042,0.1349127986258113,-0.12085666471685681,0.8428777255602303,0.22633952494806167,11
-0.16555933362015848,0.14805493760549857,-2.347878351633911,-0.6951245326317668,-0.43613497320645334,60
1.0272515597484118,-0.6942366970017307,0.43589875701240677,-0.4447520719958603,-0.6462481535912808,16
1.5491063255971638,-0.707378835981418,0.43589875701240677,-2.0554815687535255,-0.6833269501297798,19
1.5491063255971638,-0.4720150742542915,-0.12085666471685681,1.8926536855122094,-0.628944715206648,17
0.2444694109752873,-0.6440576208974702,0.9926541787416704,0.16329533240562696,-0.3323143428986562,36
-1.0228921632288188,-0.03712974801736745,-0.12085666471685681,0.06791534740147209,-0.5004048872065182,52
-0.6501387590511399,-0.6715366387640891,0.9926541787416704,-0.6474345401296894,-0.6610796722066804,27
-1.6938482907486405,0.3272659236921431,-0.12085666471685681,-0.12284462260683764,0.7528584357947471,61
0.05809270888644877,2.1970338785294676,0.43589875701240677,-0.28975959636410864,-0.015908612436798288,42
0.02081736846868172,0.0954863816867495,-1.234367508175384,1.6416850999700274,0.46858766233292165,36
-0.7246894398866758,-0.6476418406192032,0.9926541787416704,-0.0036196413516440527,-0.5374836837450172,42
-0.8365154611399802,-0.6380839213612488,0.9926541787416704,-0.0036196413516440527,-0.4806295290526521,42
-1.4329209078242644,-0.5950732847004541,-0.12085666471685681,-0.8381945101379991,-0.535011763975784,42
-0.8737908015577472,-0.4696255944398029,0.9926541787416704,-1.267404442656696,-0.5745624802835162,42
1.4372803043438593,-0.7061840960741737,-0.12085666471685681,-0.134767120732357,-0.6462481535912808,41
-0.20283467403792552,-0.4469255362021613,-0.12085666471685681,-1.768149363928509,-0.12467308228306195,42
-0.09100865278462272,0.7513985907638685,-0.12085666471685681,0.25867531740978184,-0.052987408975297266,42
-0.351936035708997,2.7487050306995187,-1.234367508175384,0.7474977405560755,0.9209489801026092,60
-1.7311236311664076,-0.4803782536050016,0.43589875701240677,-1.7085368733009123,-0.2408533114370254,33
1.4745556447616264,-0.7145472754248838,2.1061650222001975,1.1051726843216563,-0.43613497320645334,17
-1.8056743120019432,-0.44573079629491696,-0.6776120864461204,-2.0554815687535255,-0.5399556035142504,42
0.3190200918108247,1.1313258812675548,-0.12085666471685681,0.6163502611753625,-0.033212050821431145,42
-0.3892113761267657,0.04291782576800044,-1.234367508175384,1.832445069978337,-0.4410788127449199,42
1.8100337085215363,-0.7085735758886623,-0.12085666471685681,0.24675281928426246,-0.5992816779758489,17
-1.8056743120019432,-0.3166988863125329,0.9926541787416704,-0.9574194913931927,-0.4311911336679868,33
-0.42648671654453274,-0.43139391740798544,-0.6776120864461204,-1.3389394314098122,-0.11972924274459541,17
0.6544981555707348,-0.6237470424743172,0.43589875701240677,0.49712527992016897,-0.4781576092834188,11
-0.2773853548734613,2.0823388474340154,-2.347878351633911,-0.02746463760268277,0.844319467256378,42
1.5863816660149308,-0.6058259438656528,-0.12085666471685681,-0.31360459261514734,-0.6462481535912808,17
-0.2773853548734613,-0.2402355322488979,-0.6776120864461204,-0.301682094489628,-0.3619773801294554,60
-0.6128634186333729,1.494526813069821,-1.234367508175384,-0.4447520719958603,0.64903780548695,56
0.8781501980773403,-0.22948287308369925,-0.12085666471685681,1.6059176055934692,0.1052154562556317,36
0.1699187301397532,1.3380158852208182,-0.6776120864461204,1.3078551524554853,0.2881375191788933,42
-0.6128634186333729,0.19226031417353756,-0.6776120864461204,-2.0554815687535255,-0.5424275232834838,60
-0.2773853548734613,1.2292945536615871,-0.6776120864461204,0.8786452199367885,-0.14444844043692806,42
-0.6501387590511399,-0.44214657657318407,0.43589875701240677,-0.8143495138869604,-0.5622028814373499,33
1.6609323468504649,-0.5496731682251708,-0.12085666471685681,-1.362784427660851,-0.5004048872065182,17
0.09536804930421582,0.05128100511871052,-0.6776120864461204,0.9740252049409432,0.238699123794228,36
1.4745556447616264,-0.7109630557031509,-0.12085666471685681,0.2348303211587431,-0.6783831105913133,18
0.3190200918108247,-0.5974627645149427,0.43589875701240677,1.868212564354895,0.4982506995637208,42
-0.948341482393283,-0.2772724693734711,0.43589875701240677,-0.27783709823858926,1.3510630199491973,11
0.6172228151529677,1.8111328884895599,-0.12085666471685681,0.7355752424305562,1.8207277761035177,42
0.6172228151529677,-0.4827677334194902,-0.12085666471685681,0.6878852499284787,-0.6141131965912484,17
0.3190200918108247,-0.10164570300855948,-0.6776120864461204,-0.3255270907406667,-0.34220202197558924,42
-0.3892113761267657,1.9783964755037613,-1.234367508175384,1.1528626768237336,1.6575810713341221,55
0.05809270888644877,1.4933320731625768,-0.6776120864461204,-0.0036196413516440527,1.6081426759494568,42
-1.0228921632288188,0.14566545779100998,0.43589875701240677,-0.45667457012137963,-0.39905617666795434,42
-0.09100865278462272,0.6104192817090415,-0.12085666471685681,-0.28975959636410864,-0.21613411374469274,42
0.7290488364062688,1.0596414868328972,-0.12085666471685681,-0.0036196413516440527,-0.43613497320645334,37
0.1699187301397532,2.7487050306995187,-0.6776120864461204,-0.8143495138869604,3.0351819587278177,36
0.6172228151529677,0.5267874882019407,-0.12085666471685681,0.9859477030664626,3.0351819587278177,42
1.8118974755424238,-0.7014051364451965,-0.12085666471685681,-0.0036196413516440527,-0.6857988698990131,17
0.09536804930421582,-0.7121577956103952,0.43589875701240677,1.4509251299617176,-0.6808550303605465,60
-0.42648671654453274,-0.5520626480396594,1.549409600470934,-0.015542139477163411,-0.4460226522833864,17
-0.20283467403792552,-0.48515721323397876,1.549409600470934,0.4852027817946496,0.3993739087943902,17
-1.283819546153193,-0.5735679663700567,0.9926541787416704,1.6536075980955467,-0.5646748012065831,44
1.1390775810017162,2.7487050306995187,-0.12085666471685681,1.8926536855122094,1.4029733351030957,42
-1.7683989715841761,-0.3704621821385263,0.43589875701240677,-2.0554815687535255,-0.5102925662834513,42
-1.246544205735426,-0.020403389315947294,0.43589875701240677,-0.0036196413516440527,-0.47568568951418555,42
1.1018022405839492,0.3762502598891593,-0.6776120864461204,0.5925052649243239,0.7207234787947147,36
1.2136282618372503,-0.598657504422187,-0.12085666471685681,-0.26591460011306994,-0.5720905605142829,36
-0.948341482393283,-0.5329468095237506,-0.12085666471685681,-1.0527994763973476,-0.5770344000527494,60
-0.016457971949086977,1.9999017938341588,-0.12085666471685681,0.06791534740147209,0.30049711802505963,32
-0.016457971949086977,1.5232005708436842,-0.12085666471685681,0.8548002236857497,3.0351819587278177,42
-1.4701962482420332,-0.6643681993206233,-0.12085666471685681,-1.5058544051670832,-0.5770344000527494,42
-0.31466069529123,-0.4481202761094056,-0.12085666471685681,-1.0289544801463089,-0.4435507325141531,20
-0.7246894398866758,0.24363413018504232,-0.12085666471685681,-0.17053461510891507,-0.30759514520632353,60
-1.0974428440643544,-0.46723611462531434,-0.12085666471685681,-1.9708318320623381,-0.423775374360287,42
-1.3583702269887288,-0.5329468095237506,-0.12085666471685681,-0.1586121169833957,-0.6141131965912484,60
0.5426721343174303,0.2137656325039349,-0.6776120864461204,-0.4924420644979377,0.06319282017866619,36
-0.5010373973800685,-0.6356944415467601,0.43589875701240677,1.0217151974430208,-0.666023511745147,42
0.43084611306412585,-0.695431436908975,0.43589875701240677,-1.1243344651504636,-0.6783831105913133,17
0.7663241768240392,-0.7157420153321281,0.43589875701240677,-2.0185218245644156,-0.6857988698990131,30
1.8118974755424238,-0.7193859720492232,-0.12085666471685681,-0.0036196413516440527,-0.6857988698990131,58
-0.09100865278462272,-0.3549305633443504,-0.6776120864461204,0.6521177555519206,-0.5622028814373499,60
-0.16555933362015848,-0.4791835136977573,0.43589875701240677,-0.18245711323443442,-0.386696577821788,17
-0.8365154611399802,-0.22111969373298918,0.43589875701240677,0.6163502611753625,0.29802519825582635,17
0.20719407055752026,-0.6882629974655092,0.43589875701240677,-1.6131568882967573,-0.5795063198219828,17
-0.31466069529123,1.2113734550529227,2.1061650222001975,1.7847550774762597,0.1620696109479968,17
-0.3892113761267657,1.8099381485823156,-1.234367508175384,-0.40898457761930224,-0.24332523120625865,60
-0.12828399320238976,-0.42064125824278675,-0.6776120864461204,0.49712527992016897,-0.020852451975264818,36
-0.09100865278462272,1.0405256483169882,-0.6776120864461204,1.8926536855122094,0.4043177483328568,42
0.9527008789128777,-0.6834840378365321,-0.12085666471685681,-1.1481794614015024,-0.6734392710528467,17
-0.351936035708997,0.5052821698715433,-0.12085666471685681,-0.0751546301047602,0.8220721893332785,42
-0.09100865278462272,1.2018155357949685,-1.234367508175384,0.16329533240562696,0.6342062868715505,61
-0.8365154611399802,1.6235587230522053,-0.6776120864461204,0.2944428117863399,1.4153329339492622,22
0.6172228151529677,0.2914237264748142,-0.6776120864461204,-0.26591460011306994,-0.13950460089846153,36
0.7663241768240392,-0.23904079234165362,-0.6776120864461204,0.8786452199367885,1.8231996958727508,42
-1.0601675036465859,-0.45289923573838275,-0.12085666471685681,0.25867531740978184,-0.4954610476680517,36
-0.6501387590511399,-0.3871885408399464,-0.12085666471685681,-1.672769378924354,-0.3323143428986562,42
-0.46376205696230144,-0.3943569802834122,-0.12085666471685681,-0.7666595213848829,0.7429707567178141,60
-1.8056743120019432,-0.6595892396916461,-0.12085666471685681,-0.301682094489628,-0.6437762338220476,42
-0.7992401207222115,-0.6344997016395159,-0.12085666471685681,-0.6712795363807281,-0.6413043140528143,17
0.02081736846868172,-0.7109630557031509,0.43589875701240677,-0.7428145251338443,-0.6833269501297798,60
-0.5755880782156042,-0.5114414911933534,0.43589875701240677,0.8071102311836723,-0.4089438557448874,42
1.400004963926092,-0.7133525355176394,-0.12085666471685681,-0.0036196413516440527,-0.43613497320645334,54
1.3254542830905547,-0.7193859720492232,0.43589875701240677,-2.0065993264388964,-0.6857988698990131,19
-1.8056743120019432,-0.39196750046892365,-0.12085666471685681,-0.0036196413516440527,-0.3125389847447901,36
1.7354830276860023,-0.7061840960741737,0.43589875701240677,-0.0036196413516440527,-0.6857988698990131,60
0.3190200918108247,-0.7157420153321281,-0.12085666471685681,-0.3612945851172248,-0.6808550303605465,51
-0.2773853548734613,0.01663354780862591,0.43589875701240677,0.36597780053945606,3.0351819587278177,17
1.8118974755424238,-0.7121577956103952,-0.12085666471685681,-0.7428145251338443,-0.6857988698990131,44
0.2817447513930543,-0.5472836884106822,-0.12085666471685681,1.0097926993175013,-0.6413043140528143,17
-1.0974428440643544,-0.3609042628805719,-0.6776120864461204,1.8926536855122094,-0.22602179282162582,36
0.3562954322285917,-0.5723732264628124,0.43589875701240677,-0.5043645626234571,-0.5795063198219828,52
-0.42648671654453274,0.10982326057368107,-0.6776120864461204,-0.26591460011306994,3.0351819587278177,3
-1.6192976099131047,-0.34178842436466317,-0.6776120864461204,-0.02746463760268277,-0.5498432825911835,42
0.09536804930421582,-0.7002103965379523,0.43589875701240677,-0.5758995513765732,-0.6857988698990131,36
0.02081736846868172,-0.5759574461845454,0.43589875701240677,-0.9216519970166346,-0.49793296743728493,42
0.2444694109752873,-0.6619787195061347,0.9926541787416704,-0.8620395063890378,-0.5795063198219828,42
-0.3892113761267657,-0.23904079234165362,-0.6776120864461204,0.10368284177803017,0.21645184587112862,56
-1.5447469290775688,2.7487050306995187,-2.347878351633911,-1.2435594464056572,1.197803994256735,60
0.6917734959885018,-0.6404734011757374,0.43589875701240677,-1.3747069257863702,-0.2334375521293256,36
-0.09100865278462272,-0.5209994104513077,-0.12085666471685681,-0.0036196413516440527,1.5834234782571242,42
-0.351936035708997,2.073975668083305,0.9926541787416704,-0.05130963385372148,0.49577877979448753,17
-0.20283467403792552,0.3236817039704102,0.43589875701240677,-1.1362569632759831,-0.28040402774475764,60
-1.2092688653176573,-0.5807364058135225,-1.234367508175384,-1.2435594464056572,-0.6066974372835486,42
-0.016457971949086977,1.4837741539046225,-0.6776120864461204,0.6878852499284787,-0.18894299628312683,60
0.2444694109752873,0.2579710090719739,0.43589875701240677,1.1528626768237336,-0.20871835443699296,9
0.05809270888644877,-0.6249417823815615,-0.12085666471685681,-1.2435594464056572,-0.5893939988989157,17
-1.7311236311664076,-0.6727313786713334,-0.12085666471685681,-0.8501170082635184,-0.6833269501297798,42
1.3254542830905547,-0.6177733429380957,-0.12085666471685681,-1.7919943601795478,-0.6116412768220152,36
0.20719407055752026,0.580550784027934,-1.234367508175384,0.4613577855436109,1.6229741945648564,36
-0.053733312366854025,-0.022792869130435885,-0.12085666471685681,0.66404025367744,-0.3891684975910213,60
-1.1719935248998903,-0.6798998181147992,-0.12085666471685681,-0.8143495138869604,-0.6808550303605465,42
-0.053733312366854025,1.6785167587854428,-0.12085666471685681,0.5567377705477657,-0.2136621939754595,33
-0.351936035708997,0.5972771427293542,-0.12085666471685681,1.2601651599534078,-0.30265130566785703,60
0.5053967938996632,2.7487050306995187,-2.347878351633911,-0.09899962635579891,1.4351082921031282,60
-1.8056743120019432,-0.6488365805264474,-0.12085666471685681,-0.933574495142154,-0.6363604745143477,42
1.8118974755424238,-0.7157420153321281,-0.12085666471685681,-0.0036196413516440527,-0.43613497320645334,54
-1.4701962482420332,-0.6751208584858219,-0.12085666471685681,-0.7189695288828055,-0.6833269501297798,61
-0.31466069529123,-0.6321102218250273,0.9926541787416704,0.16329533240562696,-0.6586077524374472,42
-0.16555933362015848,-0.6058259438656528,1.549409600470934,-0.1586121169833957,-0.10489772412919583,36
0.6544981555707348,-0.7002103965379523,1.549409600470934,-1.2077919520290992,-0.6709673512836135,61
-1.582022269495336,-0.4290044375934968,1.549409600470934,-1.0766444726483864,-0.5622028814373499,23
-0.7246894398866758,-0.6488365805264474,-0.12085666471685681,0.25867531740978184,-0.6709673512836135,60
1.8118974755424238,-0.7193859720492232,-0.12085666471685681,-0.0036196413516440527,-0.6857988698990131,1
-0.016457971949086977,-0.6918472171872422,-0.12085666471685681,-0.0036196413516440527,-0.43613497320645334,54
-0.5755880782156042,-0.127929980967934,2.1061650222001975,0.6401952574264013,-0.4114157755141207,17
-0.20283467403792552,2.4132818017406854,-0.6776120864461204,0.330210306162898,3.0351819587278177,30
-0.6128634186333729,-0.4469255362021613,0.9926541787416704,-0.02746463760268277,-0.4213034545910537,15
1.0645269001661788,-0.663173459413379,-1.234367508175384,1.8926536855122094,-0.656135832668214,17
1.8118974755424238,-0.7121577956103952,-0.12085666471685681,-0.0036196413516440527,-0.43613497320645334,54
0.20719407055752026,-0.7037946162596851,-0.12085666471685681,-0.7905045176359217,-0.6857988698990131,10
0.1699187301397532,-0.2151459941967677,-0.6776120864461204,0.8786452199367885,0.02364210387093395,42
0.3562954322285917,-0.7097683157959066,-0.12085666471685681,-0.0036196413516440527,-0.43613497320645334,54
-0.42648671654453274,0.6868826357726765,-1.7911229299046476,-1.0289544801463089,1.8231996958727508,42
1.8118974755424238,-0.7002103965379523,0.43589875701240677,-0.0036196413516440527,-0.6783831105913133,17
-0.16555933362015848,-0.6488365805264474,-0.6776120864461204,-0.02746463760268277,-0.6808550303605465,42
-0.2773853548734613,1.292615768745535,-0.6776120864461204,1.796677575601779,3.0351819587278177,17
-0.948341482393283,-0.7193859720492232,-0.12085666471685681,-0.0036196413516440527,-0.43613497320645334,54
0.13264338972198286,0.471829452468703,-1.234367508175384,-0.2182246076109925,-0.29523554636015725,60
1.7354830276860023,0.34638176220805184,-0.6776120864461204,0.5925052649243239,-0.37928081851408824,36
-1.4701962482420332,-0.4373676169442069,0.9926541787416704,-0.27783709823858926,-0.3891684975910213,42
-0.5383127377978372,-0.46604137471807,-0.6776120864461204,-0.3851395813682635,0.10274353648639843,36
-0.16555933362015848,0.7346722320624484,-2.347878351633911,0.66404025367744,2.2780329334116716,42
-0.053733312366854025,-0.5281678498947735,0.43589875701240677,-1.4104744201629282,-0.4015280964371876,17
0.3562954322285917,1.5960797051855864,-0.12085666471685681,0.330210306162898,0.6416220461792502,60
-0.2773853548734613,-0.6894577373727535,-0.12085666471685681,-2.0554815687535255,-0.43613497320645334,37
-0.7246894398866758,1.8708698838517746,-2.347878351633911,1.8926536855122094,0.8566790661025443,55
-1.582022269495336,2.727498397345936,-1.234367508175384,0.5328927742967271,0.3845423901789906,60
-1.0601675036465859,-0.33581472482844166,-0.12085666471685681,0.18714032865666566,-0.5300679244373174,60
-0.46376205696230144,0.318902744341433,-1.234367508175384,-1.398551922037409,1.3535349397184304,60
0.1699187301397532,0.8410040838071907,0.9926541787416704,1.7489875830997015,1.4944343665647266,42
-0.46376205696230144,0.6092245418017972,0.43589875701240677,-0.37321708324274416,-0.43366305343722006,60
0.5799474747351974,2.7487050306995187,0.9926541787416704,1.0813276880706175,0.4784753414098547,60
-0.46376205696230144,1.2938105086527794,-1.234367508175384,-0.20630210948547315,-0.17163955789849397,60
-1.4329209078242644,-0.6261365222888058,-0.12085666471685681,0.330210306162898,-0.6240008756681815,42
0.8035995172418062,-0.7037946162596851,0.43589875701240677,0.962102706815424,-0.6759111908220801,51
0.7663241768240392,0.330850143413876,1.549409600470934,1.2124751674513305,3.0351819587278177,17
-0.7246894398866758,-0.5783469259990339,0.9926541787416704,0.8428777255602303,-0.3817527382833215,17
1.8118974755424238,-0.7181314951466167,-0.12085666471685681,0.4255902911670528,-0.6857988698990131,53
1.8118974755424238,-0.7193859720492232,-0.12085666471685681,-0.0036196413516440527,-0.43613497320645334,54
1.6609323468504649,-0.61896808284534,2.1061650222001975,-0.3612945851172248,-0.49793296743728493,50
-0.46376205696230144,-0.7085735758886623,0.43589875701240677,-0.9693419895187121,-0.6833269501297798,42
-0.24011001445569422,-0.3334252450139531,0.43589875701240677,-1.5893118920457185,0.2090360865634288,42
-0.98561682281105,-0.5747627062773011,0.43589875701240677,-0.0751546301047602,-0.5028768069757514,36
1.7727583681037693,-0.7181314951466167,-0.12085666471685681,-0.0036196413516440527,-0.43613497320645334,54
0.8035995172418062,-0.5257783700802848,0.9926541787416704,-0.3493720869917054,0.31780055640969246,60
0.05809270888644877,-0.6249417823815615,-0.12085666471685681,-0.3612945851172248,-0.5745624802835162,60
-0.9110661419755143,-0.5843206255352554,0.9926541787416704,-0.6474345401296894,-0.666023511745147,60
-0.3892113761267657,-0.49949409212091034,-0.12085666471685681,-0.0036196413516440527,-0.43613497320645334,54
-1.1347181844821215,-0.5628153072048581,-0.6776120864461204,1.0217151974430208,-0.6388323942835811,51
-1.8056743120019432,-0.695431436908975,1.549409600470934,0.49712527992016897,-0.5943378384373823,17
1.6982076872682352,-0.49949409212091034,-0.12085666471685681,-0.0036196413516440527,-0.43613497320645334,54
-0.20283467403792552,-0.4373676169442069,0.43589875701240677,-0.5878220495020926,-0.5547871221296501,60
1.7727583681037693,-0.6846787777437764,1.549409600470934,-2.0554815687535255,-0.6684954315143803,17
-1.5447469290775688,-0.35015160371537324,2.1061650222001975,0.6401952574264013,-0.544899443052717,44
1.8118974755424238,-0.7193859720492232,-0.12085666471685681,-0.0036196413516440527,-0.43613497320645334,54
-1.8056743120019432,-0.699015656630708,-0.12085666471685681,-2.0554815687535255,-0.6857988698990131,42
-1.8056743120019432,-0.49949409212091034,-0.12085666471685681,0.06791534740147209,-0.6240008756681815,60
-0.42648671654453274,-0.6201628227525843,-0.12085666471685681,-1.1124119670249444,-0.5795063198219828,36
-0.2773853548734613,0.42642933599341976,-2.347878351633911,1.0217151974430208,-0.22602179282162582,42
1.8118974755424238,-0.7193859720492232,-0.12085666471685681,-0.0036196413516440527,-0.43613497320645334,54
-0.5383127377978372,-0.4397570967586955,-0.12085666471685681,0.4494352874180915,-0.6215289558989482,60
1.8118974755424238,-0.7169367552393724,-2.347878351633911,-0.7905045176359217,-0.6857988698990131,42
0.3562954322285917,2.7487050306995187,0.43589875701240677,1.129017680572695,1.2151074326413676,42
1.8118974755424238,-0.7097683157959066,0.43589875701240677,0.22290782303322373,-0.6833269501297798,60
-1.4701962482420332,-0.7193859720492232,-0.12085666471685681,-0.0036196413516440527,-0.43613497320645334,54
0.43084611306412585,-0.3561253032515947,-0.12085666471685681,-0.5043645626234571,-0.08759428574456297,3
0.02081736846868172,-0.49949409212091034,-0.12085666471685681,-0.0036196413516440527,-0.43613497320645334,9
-0.5010373973800685,2.322481568790119,-0.12085666471685681,0.330210306162898,-0.1493922799753946,60
-0.2773853548734613,2.0190176323500673,-0.12085666471685681,0.3779002986649754,0.16454153071723004,17
1.4745556447616264,-0.6380839213612488,-0.6776120864461204,0.962102706815424,-0.5152364058219178,17
1.8118974755424238,-0.7145472754248838,-0.12085666471685681,0.830955227434711,-0.43613497320645334,17
0.5799474747351974,-0.4003306798196337,0.43589875701240677,-0.7189695288828055,-0.18647107651389358,3
-0.6501387590511399,-0.651226060340936,0.43589875701240677,0.40174529491601413,-0.6462481535912808,22
0.8035995172418062,-0.7133525355176394,0.43589875701240677,-0.45667457012137963,-0.6734392710528467,42
-0.24011001445569422,0.7322827522479597,-0.12085666471685681,1.0217151974430208,1.2422985501029336,42
-1.3210948865709617,-0.622552302567073,-0.12085666471685681,-1.4581644126650057,-0.460854170898786,22
-0.948341482393283,-0.49949409212091034,-1.7911229299046476,0.4494352874180915,-0.39411233712948784,17
0.6172228151529677,-0.49949409212091034,-0.12085666471685681,-0.0036196413516440527,-0.43613497320645334,3
-1.4329209078242644,0.701219514659608,-2.347878351633911,1.1170951824471755,-0.1419765206676948,60
1.1763529214194832,0.7884355278884417,0.9926541787416704,0.18714032865666566,0.77016187417938,42
1.8118974755424238,-0.7193859720492232,-0.12085666471685681,-0.0036196413516440527,-0.43613497320645334,54
-0.8365154611399802,0.974814953418552,-1.234367508175384,-1.5296994014181218,3.0351819587278177,60
-0.3892113761267657,-0.49949409212091034,-0.12085666471685681,-0.0036196413516440527,-0.43613497320645334,54
0.3562954322285917,-0.45409397564562703,-0.12085666471685681,0.830955227434711,-0.4114157755141207,11
0.43084611306412585,-0.49949409212091034,0.43589875701240677,0.4613577855436109,1.6625249108725886,42
0.6544981555707348,0.39536609840506803,-0.6776120864461204,0.4732802836691303,-0.09748196482149603,36
1.5491063255971638,0.23049199120535505,-0.12085666471685681,-0.0036196413516440527,-0.43613497320645334,36
1.3254542830905547,-0.49949409212091034,-0.12085666471685681,-0.0036196413516440527,-0.43613497320645334,36
0.2817447513930543,-0.45767819536735993,-0.12085666471685681,0.6044277630498432,-0.5053487267449848,42
-0.7992401207222115,0.9282200970360244,-0.12085666471685681,-0.06323213197924084,-0.28534786728322414,60
1.1763529214194832,0.42284511627168686,-0.6776120864461204,1.3793901412086014,-0.07276276712916338,37
0.3190200918108247,-0.49949409212091034,-0.12085666471685681,-0.0036196413516440527,-0.43613497320645334,54
1.8118974755424238,-0.6655629392278676,-0.12085666471685681,-1.3270169332842927,-0.6487200733605141,20
-0.09100865278462272,1.9975123140196702,-1.234367508175384,0.49712527992016897,2.7353380907198255,36
1.1390775810017162,-0.49949409212091034,0.43589875701240677,-0.3851395813682635,1.6427495527187226,42
1.1763529214194832,-0.4290044375934968,2.1061650222001975,-0.45667457012137963,-0.5226521651296177,17
-0.8365154611399802,2.603245446992529,-0.12085666471685681,0.7594202386815948,0.5674644531022522,11
1.3254542830905547,-0.6751208584858219,2.1061650222001975,-0.02746463760268277,-0.656135832668214,19
-0.09100865278462272,1.8780383232952405,0.43589875701240677,0.19906282678218504,0.13735041325566413,42
0.6917734959885018,0.5375401473671394,0.43589875701240677,-0.3612945851172248,-0.18647107651389358,42
-1.8056743120019432,-0.49949409212091034,-0.12085666471685681,-2.0554815687535255,-0.5720905605142829,42
1.2881789426727877,0.4813873717266574,-0.12085666471685681,1.5701501112169112,3.0351819587278177,30
1.8118974755424238,-0.6703418988568448,-0.12085666471685681,-0.0036196413516440527,-0.6857988698990131,17
-0.6501387590511399,1.2233208541253657,-0.12085666471685681,-0.0036196413516440527,-0.43613497320645334,60
-1.283819546153193,-0.38121484130372496,-1.234367508175384,-1.1481794614015024,-0.49051720812958516,60
0.43084611306412585,1.98914913466896,-0.12085666471685681,0.22290782303322373,0.5229698972560535,11
-0.7619647803044445,-0.5472836884106822,-0.6776120864461204,0.21098532490770439,-0.2408533114370254,44
-1.582022269495336,-0.5759574461845454,-0.12085666471685681,0.10368284177803017,-0.4188315348218205,20
-1.8056743120019432,-0.7193859720492232,-0.12085666471685681,-0.0036196413516440527,-0.6857988698990131,33
-1.6565729503308717,-0.6213575626598287,0.43589875701240677,0.11560533990354953,-0.6511919931297474,42
1.2881789426727877,-0.7097683157959066,0.43589875701240677,-1.4820094089160445,-0.6857988698990131,42
-0.6128634186333729,-0.6739261185785776,0.43589875701240677,1.164785174949253,-0.6833269501297798,22
0.8408748576595733,-0.7121577956103952,0.9926541787416704,-0.0036196413516440527,-0.6857988698990131,42
-0.7619647803044445,-0.7121577956103952,0.9926541787416704,1.8926536855122094,-0.6783831105913133,42
-0.351936035708997,-0.5233888902657963,0.9926541787416704,1.7251425868486627,0.8047687509486456,44
1.0645269001661788,-0.719326235053861,0.9926541787416704,-0.17053461510891507,-0.6857988698990131,17
0.5053967938996632,-0.49949409212091034,-0.12085666471685681,1.03363769556854,-0.47568568951418555,42
-1.0228921632288188,-0.6846787777437764,0.9926541787416704,-0.6116670457531314,-0.6734392710528467,17
-0.16555933362015848,-0.7014051364451965,1.549409600470934,0.7117302461795174,-0.6635515919759137,17
0.09536804930421582,-0.49949409212091034,2.1061650222001975,-0.02746463760268277,0.3301601552558588,17
-0.46376205696230144,-0.6751208584858219,0.43589875701240677,-1.56546689579468,-0.6709673512836135,19
1.8118974755424238,-0.49949409212091034,2.1061650222001975,0.8190327293091917,0.9085893812564428,17
0.9527008789128777,-0.7181314951466167,-0.12085666471685681,0.49712527992016897,-0.6857988698990131,42
1.8118974755424238,-0.49949409212091034,-0.12085666471685681,-0.0036196413516440527,-0.43613497320645334,54
-0.6874140994689086,-0.6906524772799978,2.1061650222001975,0.7117302461795174,-0.6734392710528467,17
0.13264338972198286,-0.6177733429380957,-0.12085666471685681,-1.8873743451837026,-0.6511919931297474,24
-0.3892113761267657,-0.7133525355176394,-0.12085666471685681,-2.0554815687535255,-0.656135832668214,42
-0.24011001445569422,-0.6822892979292877,-2.347878351633911,-0.3493720869917054,-0.6783831105913133,22
-0.31466069529123,-0.598657504422187,0.43589875701240677,-0.7666595213848829,-0.49793296743728493,36
0.13264338972198286,0.2161551123184235,1.549409600470934,0.30636530991185923,1.6872441085649212,42
1.2136282618372503,-0.7181314951466167,-0.12085666471685681,-0.0036196413516440527,-0.43613497320645334,54
-1.6938482907486405,-0.49949409212091034,-0.12085666471685681,0.1513728342801076,-0.619057036129715,22
0.02081736846868172,1.0859257647922715,-0.6776120864461204,1.4747701262127564,-0.18152723697542705,60
0.7290488364062688,-0.7169367552393724,0.43589875701240677,-0.0036196413516440527,-0.6857988698990131,15
0.5053967938996632,-0.49949409212091034,2.1061650222001975,0.5448152724222464,-0.43613497320645334,60
1.400004963926092,-0.7157420153321281,-0.12085666471685681,-0.43282957387034093,-0.6857988698990131,42
-1.8056743120019432,-0.25098819141409656,-0.12085666471685681,-1.2197144501546187,0.21645184587112862,30
-0.5010373973800685,-0.49949409212091034,0.43589875701240677,-0.5758995513765732,1.5858953980263575,17
-0.7619647803044445,-0.6392786612684931,0.43589875701240677,-1.3389394314098122,-0.6857988698990131,21
-0.09100865278462272,1.404921320026499,1.549409600470934,0.49712527992016897,1.5587042805647915,42
-1.8056743120019432,-0.7049893561669294,2.1061650222001975,0.40174529491601413,-0.6215289558989482,42
1.5491063255971638,-0.7193859720492232,-0.12085666471685681,-0.0036196413516440527,-0.43613497320645334,54
-1.3583702269887288,-0.4755992939760244,0.43589875701240677,-0.7785820195104023,-0.5028768069757514,17
1.8118974755424238,-0.6978209167234636,-0.12085666471685681,-0.0036196413516440527,-0.43613497320645334,54
-1.3956455674064974,0.12177065964612403,-0.6776120864461204,1.8205225718528177,0.5328575763329866,21
0.4681214534818962,0.1683655160286516,-0.12085666471685681,1.2601651599534078,-0.10242580435996257,36
-1.0601675036465859,-0.719326235053861,0.43589875701240677,-0.8978070007655959,-0.6857988698990131,42
-0.6128634186333729,-0.6333049617322716,0.43589875701240677,-0.45667457012137963,-0.5547871221296501,36
-0.6874140994689086,-0.6763155983930663,1.549409600470934,-0.9097294988911152,-0.591865918668149,22
-1.283819546153193,-0.49232565267744455,-0.12085666471685681,-0.7547370232593636,-0.6264727954374147,60
-0.8737908015577472,-0.6536155401554247,-0.6776120864461204,-0.0036196413516440527,-0.6586077524374472,22
-0.6128634186333729,1.5805480863914105,-1.234367508175384,0.25867531740978184,0.11757505510179801,60
1.8118974755424238,-0.7193859720492232,-0.12085666471685681,-0.0036196413516440527,-0.43613497320645334,54
1.5118309851793934,-0.6655629392278676,-0.12085666471685681,-2.0554815687535255,-0.6759111908220801,42
0.1699187301397532,-0.49949409212091034,-0.12085666471685681,-0.0036196413516440527,-0.43613497320645334,54
0.3562954322285917,0.7956039673319075,0.43589875701240677,1.8205225718528177,0.17937304933262965,42
1.4372803043438593,-0.7109630557031509,-0.12085666471685681,-0.0036196413516440527,-0.6833269501297798,42
-0.2773853548734613,-0.6464471007119589,-0.6776120864461204,0.6878852499284787,-0.6635515919759137,60
-0.20283467403792552,-0.49949409212091034,-0.12085666471685681,-0.0036196413516440527,-0.43613497320645334,54
-0.5383127377978372,-0.654810280062669,-0.12085666471685681,0.11560533990354953,-0.6388323942835811,22
0.5053967938996632,2.7487050306995187,0.43589875701240677,1.8926536855122094,1.0717360860258383,42
0.7290488364062688,-0.7133525355176394,-1.7911229299046476,-1.0289544801463089,-0.6759111908220801,22
-1.0974428440643544,-0.6727313786713334,0.9926541787416704,-0.0036196413516440527,-0.6314166349758813,42
0.4681214534818962,0.38341869933262507,0.9926541787416704,1.8920575606059338,0.22386760517882842,42
-0.8737908015577472,1.1301311413603106,-0.6776120864461204,0.21098532490770439,-0.33478626266788947,60
-1.5447469290775688,-0.6715366387640891,-0.12085666471685681,-0.17053461510891507,-0.6536639128989806,5
0.43084611306412585,-0.699015656630708,-0.12085666471685681,-0.0036196413516440527,-0.43613497320645334,54
-0.351936035708997,-0.5269731099875292,-0.12085666471685681,-0.45667457012137963,-0.3520897010525223,36
-0.7992401207222115,-0.6428628809902259,-1.234367508175384,0.4732802836691303,-0.6338885547451145,42
0.8781501980773403,2.7487050306995187,-0.6776120864461204,0.4494352874180915,3.0351819587278177,60
-0.5010373973800685,-0.7025998763524408,0.43589875701240677,0.6401952574264013,-0.43613497320645334,30
1.1390775810017162,1.501695252513287,-2.347878351633911,1.0813276880706175,1.516681644487826,17
0.9899762193306447,0.11579696010990255,-0.6776120864461204,1.8443675681038565,3.0351819587278177,17
0.3190200918108247,0.636703559668416,-0.12085666471685681,-1.100489468899425,3.0351819587278177,41
-1.5074715886598002,-0.37763062158199207,-0.12085666471685681,-0.23014710573651184,-0.5275960046680841,17
0.6544981555707348,-0.49949409212091034,-0.12085666471685681,0.8548002236857497,-0.5251240848988509,11
0.5426721343174303,-0.7145472754248838,2.1061650222001975,-1.5416218995436413,-0.43613497320645334,44
-0.42648671654453274,2.538729492001337,-0.12085666471685681,1.2959326543299658,-0.12220116251382868,60
-0.31466069529123,-0.6834840378365321,-0.12085666471685681,-0.6474345401296894,-0.6857988698990131,36
0.13264338972198286,-0.49949409212091034,-0.12085666471685681,-1.5535443976691605,3.0351819587278177,56
0.4681214534818962,0.9604780745316205,-0.6776120864461204,0.04407035115043338,3.0351819587278177,17
-0.16555933362015848,-0.6464471007119589,0.43589875701240677,-0.0036196413516440527,-0.5374836837450172,17
-0.3892113761267657,-0.26771455011551676,-0.12085666471685681,0.008302856773875305,-0.5943378384373823,60
-0.42648671654453274,-0.49949409212091034,-0.12085666471685681,-0.0036196413516440527,-0.43613497320645334,36
1.4745556447616264,-0.6966261768162193,-0.12085666471685681,1.8926536855122094,-0.6808550303605465,19
-1.8056743120019432,2.5865190882911087,-2.347878351633911,0.3182878080373786,0.9901627336411406,60
0.6917734959885018,-0.015624429686970105,-1.234367508175384,1.8926536855122094,-0.5053487267449848,60
0.13264338972198286,1.8911804622749278,-0.12085666471685681,-0.0036196413516440527,-0.43613497320645334,42
-0.016457971949086977,2.7487050306995187,-2.347878351633911,0.5209702761712077,1.9393799250267143,17
-0.016457971949086977,2.7487050306995187,-0.12085666471685681,1.558227613091392,3.0351819587278177,36
-1.5447469290775688,-0.5233888902657963,-0.6776120864461204,-0.28975959636410864,-0.26557250912935804,51
-0.7992401207222115,-0.6249417823815615,-0.6776120864461204,0.3421328042884173,-0.6264727954374147,60
0.3190200918108247,0.3260711837848988,-0.12085666471685681,-0.9812644876442314,0.5625206135637857,42
1.8118974755424238,-0.7145472754248838,-0.12085666471685681,-0.0036196413516440527,-0.43613497320645334,54
1.4745556447616264,-0.7085735758886623,2.1061650222001975,-0.14668961885787635,-0.43613497320645334,13
-0.7992401207222115,-0.057440326440520495,-0.12085666471685681,0.6878852499284787,-0.00602093335986523,36
0.3935707726463588,-0.15660373874179714,-2.347878351633911,1.59399510746795,0.41420542740978983,21
-1.0974428440643544,-0.1339036805041555,-0.6776120864461204,0.16329533240562696,0.5575767740253191,36
1.5491063255971638,-0.49949409212091034,2.1061650222001975,-0.0036196413516440527,-0.43613497320645334,17
-0.16555933362015848,-0.49949409212091034,-0.12085666471685681,-0.0036196413516440527,-0.43613497320645334,54
-1.8056743120019432,-0.7181314951466167,-0.12085666471685681,-0.2182246076109925,-0.6857988698990131,33
0.3190200918108247,-0.33939894455017455,-2.347878351633911,1.4747701262127564,0.1398223330248974,21
-0.5010373973800685,-0.04071396773910034,-0.12085666471685681,1.367467643083082,-0.18152723697542705,20
1.5863816660149308,-0.663173459413379,-0.12085666471685681,0.0917603436525108,-0.6857988698990131,17
-1.1347181844821215,-0.5771521860917896,-1.7911229299046476,-0.43282957387034093,-0.6487200733605141,60
-0.20283467403792552,1.4407635172438278,-0.12085666471685681,-1.1481794614015024,0.08791201787099884,42
0.09536804930421582,1.9783964755037613,-0.12085666471685681,-0.0036196413516440527,-0.43613497320645334,60
-0.2773853548734613,1.08831524460676,-2.347878351633911,-0.03938713572820213,0.6440939659484834,30
1.0272515597484118,1.4957215529770655,-0.12085666471685681,-0.8858845026400766,0.16948537025569657,42
0.7663241768240392,-0.6798998181147992,0.43589875701240677,-0.14668961885787635,-0.6610796722066804,56
1.5491063255971638,0.35593968146600624,-0.12085666471685681,1.8926536855122094,0.8492633067948444,1
1.1763529214194832,-0.695431436908975,2.1061650222001975,0.6878852499284787,-0.6215289558989482,19
-0.24011001445569422,1.0895099845140046,-0.12085666471685681,0.1513728342801076,0.06319282017866619,60
-0.20283467403792552,0.36310812090947203,-0.6776120864461204,1.0694051899450983,3.0351819587278177,42
-0.42648671654453274,-0.49949409212091034,-0.12085666471685681,0.06791534740147209,-0.43613497320645334,60
0.3562954322285917,-0.37404640186025917,0.43589875701240677,-1.7323818695519508,-0.39411233712948784,33
1.1390775810017162,2.1169863047441,-1.7911229299046476,1.8926536855122094,2.169268463565408,42
0.5053967938996632,-0.3668779624167934,0.43589875701240677,-1.100489468899425,-0.17163955789849397,33
0.9154255384951107,-0.6775103383003106,0.43589875701240677,-0.0036196413516440527,-0.5399556035142504,11
0.9899762193306447,-0.49949409212091034,0.43589875701240677,-0.42090707574482156,-0.4213034545910537,42
1.8100337085215363,-0.12315102133895682,-0.12085666471685681,-1.8992968433092219,-0.5275960046680841,36
-0.46376205696230144,-0.29399882807489125,-0.12085666471685681,-2.0554815687535255,-0.5992816779758489,60
1.5491063255971638,-0.6488365805264474,2.1061650222001975,-0.6474345401296894,-0.6437762338220476,20
1.1763529214194832,-0.6846787777437764,2.1061650222001975,-0.02746463760268277,-0.6833269501297798,19
-0.5383127377978372,0.45629783367452714,-0.12085666471685681,-1.1481794614015024,-0.18894299628312683,60
-0.5010373973800685,-0.06938772551296346,-0.12085666471685681,-1.4581644126650057,0.4784753414098547,33
0.5053967938996632,-0.3382042046429303,-0.6776120864461204,0.4732802836691303,-0.3298424231294229,42
1.1390775810017162,-0.6010469842366756,2.1061650222001975,0.25867531740978184,-0.6141131965912484,20
-0.053733312366854025,0.00946510836516013,-0.6776120864461204,-1.2435594464056572,-0.39905617666795434,61
-0.16555933362015848,-0.15421425892730853,-1.234367508175384,0.330210306162898,-0.6314166349758813,55
-0.24011001445569422,-0.49949409212091034,-2.347878351633911,-1.1839469557780604,1.2324108710260004,17
-1.6192976099131047,-0.3836043211182135,-0.6776120864461204,0.07983784552699145,-0.19388683582159336,17
0.43084611306412585,-0.49949409212091034,-0.12085666471685681,-0.0036196413516440527,-0.43613497320645334,54
-0.2773853548734613,0.10982326057368107,-0.6776120864461204,0.699807748053998,1.5957830771032904,60
0.7663241768240392,-0.49949409212091034,-0.12085666471685681,-1.3389394314098122,-0.5473713628219502,60
-0.6874140994689086,-0.49949409212091034,-1.234367508175384,0.699807748053998,-0.5177083255911511,17
0.2444694109752873,-0.6667576791351119,-0.12085666471685681,0.6401952574264013,-0.5424275232834838,30
0.5426721343174303,-0.695431436908975,-0.12085666471685681,-0.5758995513765732,-0.6437762338220476,36
0.7663241768240392,1.127741661545822,0.43589875701240677,1.2720876580789273,-0.25815674982165826,60
-1.8056743120019432,-0.49949409212091034,-1.234367508175384,0.8667227218112691,-0.3669212196679219,55
-0.20283467403792552,0.789630267795686,-0.12085666471685681,0.5686602686732851,0.6440939659484834,42
-0.98561682281105,-0.20558807493881331,-0.6776120864461204,-0.37321708324274416,-0.544899443052717,60
-0.7992401207222115,2.7487050306995187,-0.12085666471685681,0.9382577105643852,2.413988520719501,42
0.9527008789128777,-0.7014051364451965,-0.12085666471685681,-0.0036196413516440527,-0.43613497320645334,54
0.3935707726463588,0.842198823714435,0.43589875701240677,-0.28975959636410864,0.060720900409432926,42
0.6172228151529677,-0.7014051364451965,-0.12085666471685681,0.11560533990354953,-0.6833269501297798,42
1.2881789426727877,2.7487050306995187,-0.12085666471685681,-0.0036196413516440527,-0.43613497320645334,42
-0.3892113761267657,-0.6380839213612488,-0.12085666471685681,-1.0766444726483864,-0.6042255175143153,60
-1.8056743120019432,-0.49949409212091034,-0.12085666471685681,-0.0036196413516440527,-0.43613497320645334,54
0.7663241768240392,-0.7193859720492232,-0.12085666471685681,-2.0554815687535255,-0.6857988698990131,2
1.5863816660149308,-0.7049893561669294,-1.7911229299046476,1.8926536855122094,-0.6338885547451145,55
-0.12828399320238976,-0.6978209167234636,-0.12085666471685681,-1.1720244576525412,-0.6857988698990131,42
-0.8365154611399802,-0.7181314951466167,0.43589875701240677,-2.0554815687535255,-0.6857988698990131,17
-0.6874140994689086,-0.4385623568514512,0.43589875701240677,-0.02746463760268277,-0.6338885547451145,33
-0.6128634186333729,-0.6846787777437764,-0.12085666471685681,-2.0065993264388964,-0.6857988698990131,17
-0.6874140994689086,-0.6440576208974702,0.43589875701240677,-0.9097294988911152,-0.6808550303605465,17
-0.46376205696230144,-0.6763155983930663,0.43589875701240677,-0.0036196413516440527,-0.15186419974462786,15
-1.0601675036465859,-0.695431436908975,0.43589875701240677,-1.56546689579468,-0.656135832668214,42
-0.09100865278462272,-0.21395125428952338,0.43589875701240677,-1.100489468899425,-0.12467308228306195,42
0.5426721343174303,-0.5640100471121023,-1.7911229299046476,-0.8858845026400766,0.9184770603333758,17
1.8118974755424238,-0.7193859720492232,-0.12085666471685681,-0.0036196413516440527,-0.43613497320645334,54
-1.6565729503308717,-0.7049893561669294,0.9926541787416704,-0.5162870607489765,-0.6759111908220801,17
-0.5010373973800685,2.7487050306995187,0.43589875701240677,1.8926536855122094,3.0351819587278177,19
-1.8056743120019432,-0.5735679663700567,-2.347878351633911,0.1513728342801076,-0.6536639128989806,1
-0.24011001445569422,-0.7169367552393724,-0.12085666471685681,-0.0036196413516440527,-0.43613497320645334,54
-0.016457971949086977,0.12535487936785691,0.9926541787416704,-2.0554815687535255,1.2521862291798667,42
0.3562954322285917,-0.6237470424743172,0.9926541787416704,0.8190327293091917,-0.386696577821788,11
0.09536804930421582,-0.6249417823815615,0.9926541787416704,-0.9812644876442314,-0.6141131965912484,17
-0.31466069529123,-0.719326235053861,0.9926541787416704,-0.7785820195104023,-0.6338885547451145,42
-1.5447469290775688,-0.6834840378365321,0.9926541787416704,-0.12284462260683764,-0.5770344000527494,17
-0.5383127377978372,-0.707378835981418,1.549409600470934,-1.3389394314098122,-0.6833269501297798,42
0.20719407055752026,-0.651226060340936,1.549409600470934,1.0455601936940595,-0.4657980104372525,30
-0.98561682281105,-0.7145472754248838,1.549409600470934,0.6878852499284787,-0.43613497320645334,17
-0.6874140994689086,-0.6488365805264474,2.1061650222001975,-0.43282957387034093,-0.43613497320645334,3
-1.246544205735426,-0.6464471007119589,-0.12085666471685681,-0.5282095588744958,-0.6734392710528467,17
0.5053967938996632,-0.18766697633014887,0.9926541787416704,0.1275278380290689,-0.4262472941295203,42
-0.16555933362015848,-0.6464471007119589,2.1061650222001975,-0.17053461510891507,-0.6684954315143803,60
-0.7246894398866758,-0.0550508466260319,2.1061650222001975,-0.8620395063890378,1.6501653120264224,42
0.05809270888644877,-0.687068257558265,2.1061650222001975,-1.5296994014181218,-0.43613497320645334,34
0.5426721343174303,-0.6787050782075549,2.1061650222001975,-0.0036196413516440527,-0.3273705033601897,52
0.6917734959885018,-0.7193859720492232,-0.12085666471685681,-0.0036196413516440527,-0.43613497320645334,54
-1.2092688653176573,0.8433935636216794,2.1061650222001975,1.558227613091392,0.0903839376402321,20
0.7290488364062688,-0.7193859720492232,-0.12085666471685681,-0.0036196413516440527,-0.43613497320645334,54
0.9154255384951107,-0.7037946162596851,-0.12085666471685681,-1.0289544801463089,-0.6536639128989806,55
-1.4701962482420332,-0.6571997598771575,2.1061650222001975,0.830955227434711,-0.6684954315143803,60
1.8118974755424238,-0.654810280062669,-0.12085666471685681,-0.0036196413516440527,-0.43613497320645334,54
-0.948341482393283,-0.5974627645149427,0.43589875701240677,-0.5758995513765732,-0.4386068929756866,42
-0.42648671654453274,-0.6273312621960501,0.9926541787416704,-0.0036196413516440527,-0.656135832668214,3
0.7663241768240392,-0.6918472171872422,0.9926541787416704,1.7847550774762597,-0.6338885547451145,59
-0.5755880782156042,-0.6249417823815615,-0.6776120864461204,-0.0036196413516440527,-0.6734392710528467,37
-0.24011001445569422,-0.49949409212091034,-0.12085666471685681,-0.0036196413516440527,-0.43613497320645334,54
-0.053733312366854025,2.7487050306995187,-2.347878351633911,1.8926536855122094,3.0351819587278177,30
1.8118974755424238,-0.7109630557031509,0.9926541787416704,1.7251425868486627,-0.6857988698990131,33
0.9527008789128777,-0.695431436908975,0.9926541787416704,1.8926536855122094,-0.6833269501297798,14
-0.9110661419755143,-0.6715366387640891,1.549409600470934,1.8926536855122094,-0.5374836837450172,42
0.5799474747351974,-0.6906524772799978,1.549409600470934,-0.599744547627612,-0.6091693570527819,55
1.8118974755424238,-0.719326235053861,-0.12085666471685681,-0.0036196413516440527,-0.43613497320645334,54
-0.053733312366854025,-0.7049893561669294,-0.12085666471685681,-0.0036196413516440527,-0.6388323942835811,20
0.6544981555707348,-0.6918472171872422,2.1061650222001975,-1.2554819445311767,-0.6215289558989482,8
-1.4329209078242644,-0.6894577373727535,-0.12085666471685681,0.5686602686732851,-0.6413043140528143,17
0.7290488364062688,-0.6858735176510207,0.43589875701240677,-1.637001884547796,-0.6833269501297798,42
0.1699187301397532,-0.630915481917783,0.43589875701240677,0.21098532490770439,-0.5943378384373823,60
1.2509036022550206,-0.6882629974655092,0.43589875701240677,0.3182878080373786,-0.6610796722066804,60
-0.351936035708997,-0.24262501206338652,0.9926541787416704,0.020225354899394664,-0.5152364058219178,9
0.05809270888644877,-0.6727313786713334,0.9926541787416704,0.5090477780456883,-0.43613497320645334,33
-0.12828399320238976,-0.7133525355176394,0.9926541787416704,-2.0554815687535255,-0.6857988698990131,60
0.05809270888644877,-0.7193859720492232,-0.12085666471685681,-0.0036196413516440527,-0.43613497320645334,54
0.09536804930421582,-0.6966261768162193,0.9926541787416704,-0.9216519970166346,-0.6684954315143803,42
1.8100337085215363,-0.7193859720492232,1.549409600470934,-0.27783709823858926,-0.43613497320645334,17
0.9527008789128777,-0.6273312621960501,1.549409600470934,1.0932501861961368,-0.2902917068216907,17
-0.6501387590511399,-0.5269731099875292,2.1061650222001975,0.7355752424305562,0.006338665486301095,17
1.1018022405839492,-0.6667576791351119,2.1061650222001975,0.020225354899394664,-0.6783831105913133,60
-0.016457971949086977,0.14208123806927708,0.9926541787416704,-0.19437961135995377,-0.033212050821431145,42
0.2444694109752873,-0.7145472754248838,2.1061650222001975,-0.9574194913931927,-0.6734392710528467,19
0.8408748576595733,-0.7193859720492232,2.1061650222001975,-0.0036196413516440527,-0.6857988698990131,36
0.05809270888644877,-0.6679524190423562,-0.12085666471685681,-1.1481794614015024,0.0903839376402321,42
-1.246544205735426,-0.5377257691527279,0.9926541787416704,0.06791534740147209,-0.6215289558989482,60
-1.1719935248998903,-0.6261365222888058,-0.12085666471685681,-0.37321708324274416,-0.6759111908220801,17
0.6917734959885018,-0.1374879002258884,-1.234367508175384,1.2601651599534078,0.09285585740946536,44
-1.8056743120019432,-0.6428628809902259,-0.6776120864461204,-2.0554815687535255,-0.6709673512836135,22
1.5118309851793934,-0.7169367552393724,0.9926541787416704,1.129017680572695,-0.43613497320645334,33
1.1763529214194832,-0.6452523608047146,0.9926541787416704,1.0097926993175013,-0.6413043140528143,60
1.7354830276860023,-0.7193859720492232,1.549409600470934,-0.0036196413516440527,-0.6857988698990131,42
1.8118974755424238,-0.7145472754248838,-0.12085666471685681,-0.40898457761930224,-0.6759111908220801,39
1.1018022405839492,1.2651367508789162,2.1061650222001975,0.5686602686732851,3.0351819587278177,17
-0.8737908015577472,-0.7061840960741737,0.9926541787416704,-0.0036196413516440527,-0.6833269501297798,22
0.1699187301397532,-0.08969830393611651,2.1061650222001975,1.8926536855122094,1.217579352410601,17
1.6982076872682352,-0.7193859720492232,-0.12085666471685681,-0.0036196413516440527,-0.43613497320645334,54
0.9527008789128777,-0.7193859720492232,2.1061650222001975,0.1275278380290689,-0.6215289558989482,42
-1.3956455674064974,0.42045563645719825,-0.6776120864461204,-0.08707712823027956,-0.08512236597532971,17
1.1018022405839492,-0.6942366970017307,-0.12085666471685681,0.7117302461795174,-0.6586077524374472,46
0.5799474747351974,2.7487050306995187,-2.347878351633911,1.8926536855122094,1.022297690641173,17
-0.12828399320238976,-0.6536155401554247,-0.12085666471685681,-0.2182246076109925,-0.6709673512836135,4
-1.8056743120019432,-0.6595892396916461,-0.12085666471685681,-2.0554815687535255,-0.6808550303605465,42
1.1763529214194832,-0.5962680246076983,0.43589875701240677,0.8905677180623078,-0.656135832668214,42
-1.8056743120019432,-0.6285260021032945,0.9926541787416704,1.3078551524554853,-0.6610796722066804,17
0.7290488364062688,-0.5448942085961936,0.9926541787416704,0.27059781553530116,-0.5004048872065182,42
-1.7683989715841761,-0.5066625315643761,1.549409600470934,-0.0036196413516440527,-0.5152364058219178,26
0.09536804930421582,-0.3119199266835557,0.9926541787416704,1.0217151974430208,0.11263121556333149,42
0.8035995172418062,-0.001287550800038542,0.43589875701240677,0.020225354899394664,-0.2136621939754595,42
0.9154255384951107,-0.699015656630708,1.549409600470934,1.6416850999700274,-0.6857988698990131,42
0.5053967938996632,-0.46006767518184855,1.549409600470934,-0.0751546301047602,-0.3496177812832891,33
0.5053967938996632,0.616392981245263,1.549409600470934,1.8926536855122094,1.4449959711800613,17
1.1763529214194832,-0.7193859720492232,-0.12085666471685681,1.8926536855122094,-0.6808550303605465,41
-0.351936035708997,1.5052794722350198,0.43589875701240677,0.0917603436525108,2.0975827902576434,17
1.2136282618372503,2.198228618436712,-0.12085666471685681,-2.0554815687535255,-0.09748196482149603,17
-1.0601675036465859,-0.6607839795988905,-0.6776120864461204,-0.6712795363807281,-0.5251240848988509,42
0.4681214534818962,-0.7193859720492232,-0.12085666471685681,-0.0036196413516440527,-0.43613497320645334,54
1.8118974755424238,-0.6368891814540045,0.9926541787416704,1.367467643083082,-0.6833269501297798,42
-1.4701962482420332,0.2938132062893028,-0.6776120864461204,-0.6951245326317668,-0.45591033136031944,60
1.0645269001661788,-0.21873021391850056,0.43589875701240677,0.9740252049409432,2.7279223314121257,17
0.6544981555707348,-0.7181314951466167,0.43589875701240677,-0.0036196413516440527,-0.6684954315143803,15
-0.948341482393283,-0.6428628809902259,0.43589875701240677,0.9263352124388659,-0.6759111908220801,60
0.3190200918108247,1.1635838587631508,0.9926541787416704,1.3078551524554853,1.6056707561802235,9
-1.1347181844821215,2.7487050306995187,-0.12085666471685681,-0.0036196413516440527,-0.43613497320645334,60
0.02081736846868172,-0.15660373874179714,0.9926541787416704,-0.11092212448131827,-0.5152364058219178,42
0.43084611306412585,-0.6106049034946299,1.549409600470934,-2.0542893189409734,-0.6215289558989482,35
-1.1719935248998903,0.8804305007462525,0.9926541787416704,0.41366779304153345,0.7825214730255463,17
0.9154255384951107,1.7215273954462376,2.1061650222001975,-0.20630210948547315,3.0351819587278177,20
1.1390775810017162,-0.719326235053861,0.43589875701240677,-0.0036196413516440527,-0.6759111908220801,20
1.2136282618372503,2.7487050306995187,2.1061650222001975,1.8926536855122094,3.0351819587278177,17
0.6917734959885018,0.42762407590066404,-1.234367508175384,0.5805827667988045,0.6688131636408161,36
0.6172228151529677,1.051278307482187,-0.12085666471685681,0.6759627518029594,0.05330514110173313,42
1.2136282618372503,-0.719326235053861,0.43589875701240677,-0.0036196413516440527,-0.6437762338220476,15
-0.09100865278462272,2.7487050306995187,0.43589875701240677,1.1409401786982143,3.0351819587278177,17
0.4681214534818962,-0.7193859720492232,-0.12085666471685681,-0.0036196413516440527,-0.43613497320645334,54
-0.948341482393283,-0.18288801670117166,1.549409600470934,-0.301682094489628,-0.23838139166779213,42
0.5053967938996632,-0.05982980625500909,1.549409600470934,-0.3255270907406667,-0.35950546036022213,9
0.02081736846868172,-0.6249417823815615,2.1061650222001975,-0.11092212448131827,-0.6709673512836135,42
0.3562954322285917,0.34518702230080756,-0.12085666471685681,0.66404025367744,3.0351819587278177,17
-0.8737908015577472,-0.7193859720492232,-0.12085666471685681,-0.0036196413516440527,-0.43613497320645334,54
0.3935707726463588,-0.6751208584858219,-0.12085666471685681,-1.3150944351587734,-0.628944715206648,19
0.9154255384951107,-0.7193859720492232,0.43589875701240677,-0.0036196413516440527,-0.6586077524374472,15
-1.8056743120019432,-0.6392786612684931,-2.347878351633911,1.8926536855122094,-0.4410788127449199,19
-0.12828399320238976,-0.7181314951466167,2.1061650222001975,-0.0036196413516440527,-0.6857988698990131,22
0.9899762193306447,-0.6165786030308514,2.1061650222001975,0.020225354899394664,-0.6314166349758813,17
1.8100337085215363,2.7487050306995187,2.1061650222001975,1.8926536855122094,2.5944386638735297,17
-0.16555933362015848,-0.6058259438656528,0.43589875701240677,0.4494352874180915,-0.6264727954374147,42
-0.98561682281105,-0.49949409212091034,0.43589875701240677,0.11560533990354953,-0.4682699302064858,51
1.2881789426727877,-0.651226060340936,-0.12085666471685681,-0.8620395063890378,-0.656135832668214,29
1.1390775810017162,-0.6070206837728971,0.43589875701240677,-0.0036196413516440527,-0.5745624802835162,36
0.09536804930421582,2.7487050306995187,-2.347878351633911,-1.3747069257863702,3.0351819587278177,17
-0.46376205696230144,-0.3931622403761679,-1.234367508175384,-0.7308920270083249,-0.5547871221296501,60
-1.6192976099131047,0.8171092856623048,0.43589875701240677,0.6401952574264013,-0.22354987305239254,60
0.5053967938996632,-0.5914890649787212,-0.12085666471685681,-0.0036196413516440527,-0.6734392710528467,36
-0.2773853548734613,-0.6739261185785776,0.9926541787416704,-0.0036196413516440527,-0.6857988698990131,33
1.5491063255971638,-0.7193859720492232,0.43589875701240677,-2.0554815687535255,-0.43613497320645334,33
1.8118974755424238,-0.7097683157959066,0.9926541787416704,-1.3270169332842927,-0.43613497320645334,48
-0.016457971949086977,0.133718058718567,0.43589875701240677,-0.25399210198755057,-0.2902917068216907,42
0.43084611306412585,-0.5962680246076983,-0.12085666471685681,-0.2182246076109925,-0.5399556035142504,42
1.5491063255971638,0.878041020931764,-2.347878351633911,1.1528626768237336,0.8220721893332785,17
-0.5383127377978372,-0.19603015568085894,-0.6776120864461204,0.6163502611753625,-0.1914149160523601,60
-0.7992401207222115,-0.02876656866665737,-0.6776120864461204,0.4613577855436109,-0.43613497320645334,17
-0.016457971949086977,-0.6177733429380957,-0.12085666471685681,0.020225354899394664,-0.6833269501297798,33
-0.12828399320238976,-0.6619787195061347,0.43589875701240677,-1.1362569632759831,-0.6635515919759137,17
-0.5383127377978372,-0.7061840960741737,-0.12085666471685681,-2.0554815687535255,-0.666023511745147,42
1.4372803043438593,-0.7085735758886623,1.549409600470934,-0.8381945101379991,-0.6857988698990131,38
1.8118974755424238,-0.7193859720492232,1.549409600470934,-2.0554815687535255,-0.43613497320645334,34
1.8118974755424238,-0.7181314951466167,1.549409600470934,-2.0554815687535255,-0.43613497320645334,57
-0.5383127377978372,-0.6703418988568448,-0.12085666471685681,-2.0554815687535255,-0.6833269501297798,36
0.8408748576595733,-0.6858735176510207,-0.12085666471685681,0.020225354899394664,-0.6857988698990131,60
-0.016457971949086977,0.0011019290144500516,-0.6776120864461204,-0.7905045176359217,-0.13950460089846153,36
0.2817447513930543,0.06561788400564209,-2.347878351633911,-0.6951245326317668,-0.3248985835909564,40
-0.7619647803044445,2.7487050306995187,-0.12085666471685681,-0.0036196413516440527,-0.43613497320645334,17
0.2444694109752873,0.5303717079236736,0.43589875701240677,0.25867531740978184,0.49083494025602104,42
-1.0228921632288188,-0.4325886573152297,-0.6776120864461204,-0.17053461510891507,-0.4262472941295203,56
-1.8056743120019432,-0.49949409212091034,-0.12085666471685681,-0.0036196413516440527,-0.43613497320645334,54
-1.2092688653176573,-0.5305573297092621,-0.12085666471685681,-0.6235895438786506,-0.656135832668214,60
1.3627296235083217,-0.699015656630708,-0.12085666471685681,0.830955227434711,-0.6857988698990131,42
0.5799474747351974,2.7487050306995187,-2.347878351633911,-1.4104744201629282,3.0351819587278177,17
-0.16555933362015848,-0.38121484130372496,0.43589875701240677,0.330210306162898,-0.6091693570527819,60
-1.1347181844821215,1.1504417197834635,-0.12085666471685681,-0.05130963385372148,0.22386760517882842,60
-0.8365154611399802,-0.45289923573838275,0.43589875701240677,-0.6951245326317668,-0.5844501593604492,11
-0.46376205696230144,-0.5030783118426432,-0.12085666471685681,-0.3374495888661861,-0.5992816779758489,42
1.5863816660149308,0.5745770844917125,-1.234367508175384,1.3913126393341209,0.7182515590254814,17
0.8408748576595733,0.10982326057368107,-0.6776120864461204,0.830955227434711,3.0351819587278177,17
-0.20283467403792552,-0.27607772946622683,-0.6776120864461204,-0.09899962635579891,0.011282505024767625,17
0.20719407055752026,-0.6906524772799978,-0.12085666471685681,-2.0554815687535255,-0.6240008756681815,45
0.6544981555707348,1.7334747945186806,-0.12085666471685681,0.6521177555519206,0.0977996969479319,60
0.43084611306412585,-0.6321102218250273,0.43589875701240677,-0.0036196413516440527,-0.6536639128989806,33
1.3627296235083217,2.7487050306995187,0.43589875701240677,-0.301682094489628,0.9530839371026416,42
0.9154255384951107,2.7487050306995187,-1.234367508175384,1.8926536855122094,3.0351819587278177,17
-1.8056743120019432,0.07876002298532934,-2.347878351633911,0.4732802836691303,0.2831936796404268,20
-1.1719935248998903,0.12416013946061263,-2.347878351633911,0.06791534740147209,1.1582532779490025,42
-0.8737908015577472,1.4730214947394238,-2.347878351633911,1.0217151974430208,-0.16175187882156092,17
-0.7619647803044445,-0.6416681410829816,0.43589875701240677,0.18714032865666566,-0.507820646514218,17
-1.8056743120019432,0.4861663313556346,0.43589875701240677,-0.31360459261514734,0.13735041325566413,30
-1.4701962482420332,-0.6333049617322716,-1.234367508175384,0.7713427368071142,-0.5671467209758164,5
-0.7992401207222115,-0.4074991192630995,-0.12085666471685681,-0.5282095588744958,-0.5053487267449848,42
1.8118974755424238,-0.6978209167234636,-0.12085666471685681,-0.0036196413516440527,-0.43613497320645334,54
-0.12828399320238976,-0.14107211994762128,-0.12085666471685681,1.8926536855122094,3.0351819587278177,17
0.2444694109752873,-0.2629355904865396,0.43589875701240677,1.1886301712002918,-0.22107795328315927,11
-1.246544205735426,-0.5831258856280112,0.9926541787416704,-0.0036196413516440527,-0.5869220791296825,9
-0.3892113761267657,-0.3871885408399464,-0.6776120864461204,-0.8978070007655959,0.23375528425576148,42
0.02081736846868172,-0.5472836884106822,-2.347878351633911,1.2720876580789273,-0.37186505920638846,17
0.7290488364062688,-0.6046312039584084,0.9926541787416704,-0.7666595213848829,-0.28534786728322414,44
1.1763529214194832,-0.6822892979292877,2.1061650222001975,-2.0554815687535255,-0.5671467209758164,7
0.3190200918108247,-0.30355674733284566,-0.12085666471685681,-2.0554815687535255,-0.47321376974495233,36
1.6609323468504649,-0.7014051364451965,-0.12085666471685681,-0.0036196413516440527,-0.43613497320645334,54
-1.8056743120019432,-0.7193859720492232,-0.12085666471685681,-0.0036196413516440527,-0.43613497320645334,54
-1.3210948865709617,-0.6536155401554247,0.9926541787416704,-1.398551922037409,-0.6586077524374472,60
0.5426721343174303,1.0847310248850273,1.549409600470934,-0.19437961135995377,1.3288157420260978,17
0.3190200918108247,-0.31072518677631145,-0.6776120864461204,-2.0554815687535255,-0.5102925662834513,36
-0.42648671654453274,0.789630267795686,-1.7911229299046476,0.6401952574264013,0.3820704704097574,60
-0.09100865278462272,-0.00965073015074862,-2.347878351633911,1.0217151974430208,-0.11478540320612889,17
0.9527008789128777,-0.5759574461845454,-0.12085666471685681,-1.1720244576525412,-0.6487200733605141,36
-0.3892113761267657,-0.6643681993206233,0.43589875701240677,-0.6712795363807281,-0.6314166349758813,25
0.8035995172418062,-0.4839624733267345,0.43589875701240677,0.7951877330581529,-0.5300679244373174,17
0.2444694109752873,-0.5879048452569883,1.549409600470934,1.3793901412086014,-0.3817527382833215,11
-1.0601675036465859,-0.15182477911281994,-2.347878351633911,0.830955227434711,-0.43613497320645334,5
-1.8056743120019432,-0.6440576208974702,-0.12085666471685681,-1.6608468807988348,-0.6783831105913133,36
-1.0228921632288188,-0.18647223642290456,0.9926541787416704,-0.43282957387034093,0.10027161671716517,42
0.9899762193306447,0.38461343923986935,1.549409600470934,0.25867531740978184,2.171740383334641,17
0.5053967938996632,2.4419555595145486,-2.347878351633911,0.06791534740147209,0.3795985506405241,20
-0.98561682281105,1.4837741539046225,-0.12085666471685681,-0.43282957387034093,1.0148819313334732,60
-0.7246894398866758,0.8923778998186955,0.43589875701240677,1.0217151974430208,0.5600486937945525,11
-0.9110661419755143,-0.19125119605188173,0.9926541787416704,1.2601651599534078,-0.1271450020522952,9
0.13264338972198286,-0.4744045540687801,-0.6776120864461204,-2.0185218245644156,-0.1765833974369605,17
0.20719407055752026,1.8266645072837357,-2.347878351633911,1.0217151974430208,2.4016289218733347,19
0.2817447513930543,0.33443436313560887,0.43589875701240677,-0.134767120732357,-0.2680444288985913,42
-0.46376205696230144,-0.3525410835298618,-2.347878351633911,-0.6235895438786506,-0.12961692182152848,42
-0.42648671654453274,2.7487050306995187,0.9926541787416704,1.3555451449575628,0.9753312150257409,60
-0.8737908015577472,-0.06341402597674198,1.549409600470934,-1.994676828313377,-0.3298424231294229,3
1.0645269001661788,0.4682452327469701,-2.347878351633911,1.8926536855122094,-0.17905531720619378,20
-1.3583702269887288,-0.052661366811543306,-0.12085666471685681,1.1886301712002918,-0.5374836837450172,20
0.8035995172418062,1.6056376244435409,0.43589875701240677,-0.015542139477163411,3.0351819587278177,17
1.1763529214194832,-0.026377088852168776,-0.6776120864461204,0.699807748053998,0.08049625856329905,3
1.2509036022550206,-0.6942366970017307,-0.12085666471685681,-2.0554815687535255,-0.43613497320645334,42
-0.9110661419755143,0.07517580326359646,-2.347878351633911,0.6878852499284787,3.0351819587278177,42
-0.42648671654453274,-0.5054677916571318,-0.12085666471685681,-2.0554815687535255,-0.544899443052717,42
-1.1347181844821215,-0.6141891232163629,-0.12085666471685681,0.5448152724222464,-0.6511919931297474,36
-0.12828399320238976,2.2878341114800342,-0.12085666471685681,-0.0036196413516440527,-0.43613497320645334,17
-0.24011001445569422,-0.172135357535973,0.43589875701240677,-1.4820094089160445,-0.6314166349758813,42
0.43084611306412585,0.020217767530358803,-0.12085666471685681,1.0813276880706175,1.563648120103258,17
-0.2773853548734613,-0.07297194523469636,-0.12085666471685681,1.8205225718528177,2.320055569488637,12
0.5053967938996632,-0.49471513249193316,2.1061650222001975,-0.134767120732357,-0.5498432825911835,19
-1.0601675036465859,-0.06819298560571917,-0.6776120864461204,1.8926536855122094,-0.3743369789756217,60
0.20719407055752026,-0.5556468677613923,-0.12085666471685681,-0.2182246076109925,0.08049625856329905,17
1.7727583681037693,-0.707378835981418,-0.12085666471685681,0.16329533240562696,-0.6635515919759137,19
-0.24011001445569422,0.616392981245263,-0.6776120864461204,0.4732802836691303,-0.043099729898364206,60
0.4681214534818962,-0.6117996434018742,0.43589875701240677,-1.1124119670249444,-0.4954610476680517,36
-1.0228921632288188,-0.6655629392278676,-0.12085666471685681,-0.0036196413516440527,-0.656135832668214,22
1.400004963926092,-0.3967464600979008,0.43589875701240677,1.3793901412086014,3.0351819587278177,51
0.9899762193306447,2.6139981061577275,0.43589875701240677,0.7355752424305562,2.290392532257838,56
-0.948341482393283,0.030970426695557475,-2.347878351633911,1.8926536855122094,-0.32242666382172314,19
-0.09100865278462272,0.5996666225438427,0.43589875701240677,-0.0036196413516440527,3.0351819587278177,17
0.5053967938996632,2.111012605207878,-0.12085666471685681,0.6163502611753625,2.3225274892578702,42
-0.98561682281105,-0.5389205090599721,-0.12085666471685681,-0.6712795363807281,0.07060857948636598,42
0.2817447513930543,-0.16018795846353004,-1.234367508175384,-0.7547370232593636,-0.20130259512929316,42
0.3190200918108247,-0.15540899883455284,-0.12085666471685681,0.3540553024139367,0.21645184587112862,60
0.43084611306412585,1.7478116734056122,0.43589875701240677,-0.27783709823858926,3.0351819587278177,33
0.8035995172418062,-0.6333049617322716,-0.12085666471685681,-0.25399210198755057,-0.6487200733605141,19
0.05809270888644877,-0.5914890649787212,-0.12085666471685681,-1.994676828313377,-0.5646748012065831,36
-0.20283467403792552,1.6450640413826025,0.43589875701240677,-0.933574495142154,0.2733060005634937,33
-1.3210948865709617,-0.6882629974655092,-0.6776120864461204,-2.0554815687535255,-0.6857988698990131,6
-0.31466069529123,-0.7121577956103952,2.1061650222001975,0.9859477030664626,-0.6808550303605465,30
-0.6128634186333729,1.280668369673092,-0.12085666471685681,-0.0036196413516440527,-0.43613497320645334,60
-1.8056743120019432,-0.7133525355176394,-0.12085666471685681,-2.0554815687535255,-0.6857988698990131,37
-0.09100865278462272,2.7487050306995187,-2.347878351633911,1.8926536855122094,2.4634269161041664,17
-1.8056743120019432,-0.6094101635873856,-0.12085666471685681,-0.3612945851172248,-0.6091693570527819,33
0.9899762193306447,-0.7193859720492232,0.43589875701240677,1.8926536855122094,-0.6857988698990131,19
-0.46376205696230144,2.7487050306995187,-2.347878351633911,-1.2197144501546187,3.0351819587278177,17
1.400004963926092,0.22929725129811077,0.9926541787416704,0.9144127143133465,0.13487849348643088,36
-0.9110661419755143,0.03335990651004607,-0.6776120864461204,-2.0554815687535255,2.2137630194116067,42
0.6172228151529677,2.7487050306995187,0.43589875701240677,-0.5758995513765732,2.0728635925653105,42
-0.2773853548734613,0.9831781327692621,-0.12085666471685681,0.330210306162898,2.596910583642763,42
1.1763529214194832,0.7657354696508001,-2.347878351633911,0.25867531740978184,0.3672389517943578,37
-0.5755880782156042,-0.3131146665908,-0.6776120864461204,0.11560533990354953,-0.025796291513731348,17
0.3935707726463588,-0.5890995851642326,-0.12085666471685681,-2.0554815687535255,-0.4682699302064858,36
-0.16555933362015848,2.0763651478977936,0.43589875701240677,0.25867531740978184,0.8566790661025443,42
-0.8737908015577472,-0.49949409212091034,-0.12085666471685681,-0.0036196413516440527,-0.43613497320645334,54
1.0272515597484118,-0.08372460439989503,-0.12085666471685681,0.19906282678218504,0.08791201787099884,36
1.8118974755424238,-0.7193859720492232,-0.12085666471685681,-0.0036196413516440527,-0.43613497320645334,54
-0.3892113761267657,0.8923778998186955,0.43589875701240677,1.8926536855122094,0.3795985506405241,42
0.2817447513930543,-0.5879048452569883,0.43589875701240677,-1.3508619295353315,-0.5004048872065182,36
0.2817447513930543,1.518421611214707,0.43589875701240677,-0.134767120732357,0.19914840748649576,42
-1.3583702269887288,-0.33223050510670876,-1.234367508175384,-0.11092212448131827,0.658925484563883,36
-0.31466069529123,0.6056403220800642,0.43589875701240677,-2.0554815687535255,0.7157796392562481,42
1.8118974755424238,-0.719326235053861,-0.12085666471685681,-0.0036196413516440527,-0.43613497320645334,54
0.1699187301397532,0.3977555782195566,-0.12085666471685681,1.8926536855122094,-0.18894299628312683,60
-0.20283467403792552,-0.5460889485034379,0.43589875701240677,0.25867531740978184,-0.5992816779758489,8
-0.16555933362015848,-0.489936172862956,-0.12085666471685681,0.06791534740147209,-0.5275960046680841,42
0.09536804930421582,-0.5819311457207669,0.43589875701240677,-0.9574194913931927,-0.5152364058219178,44
0.8781501980773403,0.9616728144388648,-2.347878351633911,0.830955227434711,0.5995994101022847,37
0.5053967938996632,0.7729039090942659,-0.12085666471685681,-0.0036196413516440527,-0.43613497320645334,37
-0.7992401207222115,-0.34298316427190745,-0.12085666471685681,1.8443675681038565,-0.34220202197558924,36
-1.8056743120019432,2.7487050306995187,-2.347878351633911,0.66404025367744,1.5117378049493595,19
-0.351936035708997,0.845783043436168,-0.12085666471685681,0.36597780053945606,1.4919624467954933,42
0.4681214534818962,0.0584494445621763,-0.12085666471685681,-1.0289544801463089,1.9789306413344465,56
0.9899762193306447,-0.2450144918778751,-0.12085666471685681,-0.7666595213848829,1.1038710430258707,56
-1.283819546153193,0.18628661463731608,-1.7911229299046476,1.8562900662293758,-0.5300679244373174,60
-1.7311236311664076,-0.7121577956103952,-0.6776120864461204,-2.0554815687535255,-0.43613497320645334,49
1.2136282618372503,-0.24620923178511941,0.43589875701240677,-0.24206960386203122,0.5476890949483861,56
0.8035995172418062,-0.6655629392278676,-0.12085666471685681,0.25867531740978184,-0.6264727954374147,56
-0.9110661419755143,0.12057591973887974,-1.234367508175384,0.330210306162898,-0.4657980104372525,5
0.9527008789128777,-0.18288801670117166,-0.12085666471685681,-2.0554815687535255,-0.21119027420622621,60
-0.053733312366854025,-0.2844409088169369,-0.12085666471685681,-0.12284462260683764,-0.48557336859111866,60
-1.8056743120019432,-0.6858735176510207,-0.6776120864461204,-0.3612945851172248,-0.43613497320645334,42
-1.0601675036465859,-0.08133512458540643,-0.6776120864461204,-0.5520545551255345,0.3870143099482239,36
-0.351936035708997,1.5470953689885703,0.43589875701240677,1.1051726843216563,3.0351819587278177,42
-0.016457971949086977,-0.2868303886314255,-0.12085666471685681,0.2944428117863399,-0.3100670649755568,56
0.1699187301397532,-0.6787050782075549,-0.6776120864461204,-0.5758995513765732,-0.6833269501297798,56
1.1390775810017162,2.7487050306995187,0.9926541787416704,1.4866926243382756,3.0351819587278177,42
-0.8737908015577472,-0.07655616495642925,-1.234367508175384,-1.2197144501546187,-0.16916763812926072,44
0.2817447513930543,-0.6237470424743172,-0.12085666471685681,-0.5282095588744958,-0.5968097582066155,1
0.43084611306412585,-0.49949409212091034,-0.12085666471685681,-0.0036196413516440527,-0.43613497320645334,54
1.0272515597484118,1.498111032791554,-2.347878351633911,0.7594202386815948,2.404100841642568,17
-0.2773853548734613,0.11579696010990255,-2.347878351633911,1.8562900662293758,1.1088148825643374,17
1.2509036022550206,-0.14226685985486556,-0.12085666471685681,1.665530096221066,-0.5770344000527494,60
-0.24011001445569422,-0.18886171623739315,-0.12085666471685681,1.2601651599534078,-0.41635961505258723,60
0.5053967938996632,1.4682425351104467,-0.12085666471685681,-0.26591460011306994,1.4573555700262277,30
-1.0601675036465859,0.33562910304285315,-0.12085666471685681,0.4494352874180915,-0.1839991567446603,60
0.6172228151529677,-0.7097683157959066,2.1061650222001975,1.0932501861961368,-0.3693931394371552,39
-1.7683989715841761,-0.6297207420105387,-0.12085666471685681,-0.0036196413516440527,-0.6413043140528143,60
1.8118974755424238,-0.7181314951466167,-0.12085666471685681,1.8926536855122094,-0.6610796722066804,17
0.2444694109752873,-0.6321102218250273,-0.12085666471685681,-1.0408769782718281,-0.5597309616681165,36
0.9527008789128777,-0.18288801670117166,-0.12085666471685681,1.2959326543299658,-0.5597309616681165,60
-1.8056743120019432,-0.6094101635873856,-0.12085666471685681,-0.19437961135995377,-0.6586077524374472,60
-0.7619647803044445,-0.5914890649787212,-0.6776120864461204,1.0932501861961368,-0.6610796722066804,60
-1.7683989715841761,-0.49232565267744455,-0.6776120864461204,-0.63551204200417,-0.4880452883603519,56
-1.0228921632288188,1.3045631678179779,-0.6776120864461204,1.2601651599534078,-0.06781892759069685,60
-0.7992401207222115,-0.49949409212091034,-0.12085666471685681,-0.0036196413516440527,-0.43613497320645334,54
0.09536804930421582,0.6605983578133019,-1.234367508175384,1.832445069978337,0.2461148831019278,19
-1.8056743120019432,-0.7085735758886623,-0.6776120864461204,-0.5401320570000152,-0.6857988698990131,31
-1.8056743120019432,-0.6153838631236072,-1.7911229299046476,1.8926536855122094,-0.666023511745147,22
-0.5010373973800685,-0.6882629974655092,-0.12085666471685681,0.830955227434711,-0.6808550303605465,11
1.2136282618372503,-0.7193859720492232,-0.12085666471685681,-0.02746463760268277,-0.6857988698990131,17
-1.8056743120019432,-0.46365189490358144,-2.347878351633911,-0.9574194913931927,0.23622720402499472,19
-1.5447469290775688,-0.699015656630708,-0.12085666471685681,-0.31360459261514734,-0.6759111908220801,19
1.8118974755424238,-0.7097683157959066,-0.12085666471685681,1.8926536855122094,-0.6338885547451145,17
-0.9110661419755143,-0.6966261768162193,-0.12085666471685681,0.5805827667988045,-0.6709673512836135,55
-0.31466069529123,-0.49949409212091034,-0.12085666471685681,-0.0036196413516440527,-0.43613497320645334,54
-0.5010373973800685,-0.5592310874831252,-1.7911229299046476,-0.8620395063890378,-0.37928081851408824,60
-1.246544205735426,-0.4827677334194902,-0.6776120864461204,0.25867531740978184,-0.42871921389875356,36
-0.8365154611399802,-0.7193859720492232,-0.12085666471685681,1.8926536855122094,-0.6783831105913133,22
1.3627296235083217,-0.7169367552393724,-0.12085666471685681,-2.0554815687535255,-0.6857988698990131,17
-0.16555933362015848,-0.6082154236801414,-0.12085666471685681,-0.31360459261514734,-0.35703354059098885,56
0.9899762193306447,-0.7145472754248838,-0.12085666471685681,-0.0036196413516440527,-0.43613497320645334,54
-1.8056743120019432,-0.7085735758886623,-0.12085666471685681,-0.0036196413516440527,-0.43613497320645334,54
1.4372803043438593,-0.6822892979292877,-0.12085666471685681,-0.28975959636410864,-0.6635515919759137,56
-1.8056743120019432,-0.7193859720492232,-0.12085666471685681,-0.0036196413516440527,-0.43613497320645334,54
-1.8056743120019432,-0.7193859720492232,-0.12085666471685681,-1.9827543301878574,-0.6857988698990131,47
0.2444694109752873,-0.07058246542020775,-0.12085666471685681,0.020225354899394664,-0.4089438557448874,26
-0.3892113761267657,-0.7002103965379523,-0.12085666471685681,0.13945033615458824,-0.43613497320645334,42
-1.0228921632288188,-0.7037946162596851,-0.6776120864461204,1.7132200887231435,-0.6511919931297474,17
-1.0228921632288188,-0.6667576791351119,-0.6776120864461204,-0.2182246076109925,-0.6240008756681815,42
-1.5447469290775688,-0.6273312621960501,-0.12085666471685681,0.5448152724222464,-0.6091693570527819,17
-1.1347181844821215,-0.6560050199699132,-0.12085666471685681,-0.5758995513765732,-0.6783831105913133,60
0.3562954322285917,-0.7085735758886623,-0.12085666471685681,1.164785174949253,-0.6857988698990131,10
-1.0601675036465859,-0.26413033039378386,-0.12085666471685681,1.0932501861961368,-0.36444929989868863,33
-0.6501387590511399,-0.7085735758886623,-0.12085666471685681,-0.3374495888661861,-0.43613497320645334,56
-0.9110661419755143,-0.7193859720492232,-1.7911229299046476,1.4270801337106789,-0.6857988698990131,17
0.5426721343174303,-0.49232565267744455,-0.12085666471685681,-2.0554815687535255,-0.013436692667565024,36
0.2444694109752873,-0.6894577373727535,-0.12085666471685681,1.8926536855122094,-0.6857988698990131,42
1.8118974755424238,-0.7193859720492232,-0.12085666471685681,-0.0036196413516440527,-0.43613497320645334,54
-0.7992401207222115,-0.7037946162596851,-0.12085666471685681,-0.3374495888661861,-0.666023511745147,56
0.43084611306412585,-0.7121577956103952,-0.12085666471685681,-2.0554815687535255,-0.6783831105913133,17
1.8118974755424238,-0.7193859720492232,-0.12085666471685681,-0.0036196413516440527,-0.43613497320645334,54
-0.053733312366854025,-0.719326235053861,-0.12085666471685681,-0.0036196413516440527,-0.43613497320645334,54
-0.9110661419755143,-0.6834840378365321,0.43589875701240677,-0.9812644876442314,-0.6808550303605465,60
-1.4329209078242644,-0.6392786612684931,-2.347878351633911,-0.8858845026400766,-0.6487200733605141,60
0.4681214534818962,-0.5974627645149427,0.43589875701240677,-0.3374495888661861,-0.6264727954374147,42
0.8035995172418062,-0.7169367552393724,-0.12085666471685681,-0.43282957387034093,-0.6833269501297798,19
1.8100337085215363,-0.7049893561669294,-0.12085666471685681,-0.0036196413516440527,-0.43613497320645334,54
0.05809270888644877,-0.7097683157959066,0.43589875701240677,1.5224601187148337,-0.6808550303605465,51
-1.1347181844821215,1.2997842081890008,0.43589875701240677,-0.12284462260683764,2.0703916727960774,28
-1.3210948865709617,-0.5508679081324152,0.43589875701240677,0.5567377705477657,-0.5844501593604492,33
-1.3583702269887288,-0.6834840378365321,0.43589875701240677,0.7832652349326336,-0.6635515919759137,36
-0.5010373973800685,-0.49949409212091034,-0.12085666471685681,-0.0036196413516440527,-0.43613497320645334,54
-1.8056743120019432,-0.7193859720492232,-0.12085666471685681,-0.0036196413516440527,-0.43613497320645334,54
-1.8056743120019432,-0.6082154236801414,0.43589875701240677,-1.8873743451837026,-0.6511919931297474,42
-1.8056743120019432,-0.6715366387640891,0.43589875701240677,-1.4581644126650057,-0.6635515919759137,33
1.6982076872682352,-0.699015656630708,0.43589875701240677,0.5925052649243239,-0.6857988698990131,42
0.2817447513930543,-0.5843206255352554,-1.234367508175384,-0.6951245326317668,-0.6536639128989806,17
-1.8056743120019432,-0.6667576791351119,-1.7911229299046476,0.07983784552699145,-0.4633260906680193,17
1.0272515597484118,-0.695431436908975,-0.12085666471685681,0.830955227434711,-0.6857988698990131,0
-0.16555933362015848,-0.38121484130372496,-2.347878351633911,1.0217151974430208,-0.29523554636015725,42
1.2881789426727877,-0.7121577956103952,-0.6776120864461204,-0.5043645626234571,-0.6783831105913133,30
-1.8056743120019432,-0.7193859720492232,-0.12085666471685681,-0.0036196413516440527,-0.43613497320645334,54
